{
  "num_cases": 10,
  "num_posterior_samples": 300,
  "num_ppc_draws": 50,
  "mae_per_dim": [
    0.061804641521126524,
    0.08441392543476309,
    0.023855139630782753,
    0.03470031185381174,
    0.18197372180486274,
    0.2006856115906515,
    0.1025622351663464,
    0.12060703008245732
  ],
  "rmse_per_dim": [
    0.07311831511376972,
    0.10842579773127985,
    0.03416350766848219,
    0.04858374535682944,
    0.19932825081774724,
    0.24176710441610672,
    0.12666525429469452,
    0.14162098805518553
  ],
  "marginal_90pct_coverage_per_dim": [
    1.0,
    0.9,
    1.0,
    0.9,
    1.0,
    1.0,
    0.9,
    0.9
  ],
  "mean_ppc_componentwise_90pct_coverage": 0.8545833333333335,
  "std_ppc_componentwise_90pct_coverage": 0.08667167453480214
}