{
  "masses": [
    0.16666666666666666,
    0.3333333333333333,
    0.5
  ],
  "T": 5.0,
  "K": 20,
  "sigma_x": 0.05,
  "sigma_v": 0.02,
  "pos_scale": 1.0,
  "vel_scale": 0.5,
  "eps": 0.001,
  "rtol": 1e-07,
  "atol": 1e-09,
  "n_samples": 20000,
  "include_t0": false,
  "observation_times": [
    0.25,
    0.5,
    0.75,
    1.0,
    1.25,
    1.5,
    1.75,
    2.0,
    2.25,
    2.5,
    2.75,
    3.0,
    3.25,
    3.5,
    3.75,
    4.0,
    4.25,
    4.5,
    4.75,
    5.0
  ]
}