{
  "masses": [
    0.16666666666666666,
    0.3333333333333333,
    0.5
  ],
  "T": 5.0,
  "K": 20,
  "sigma_x": 0.05,
  "sigma_v": 0.02,
  "pos_scale": 1.0,
  "vel_scale": 0.5,
  "eps": 0.001,
  "rtol": 1e-07,
  "atol": 1e-09,
  "n_samples": 20000
}