{
  "num_cases": 50,
  "num_posterior_samples": 1000,
  "num_ppc_draws": 100,
  "mae_per_dim": [
    0.02271592373816673,
    0.03516190689529988,
    0.021726700258076166,
    0.024364629525309888,
    0.05035314702398028,
    0.06302852005299153,
    0.02987966979515645,
    0.03339929599588369
  ],
  "rmse_per_dim": [
    0.027972963980164373,
    0.05812407366051677,
    0.02769942898456888,
    0.036981267851086914,
    0.07911894150195184,
    0.1408658098947956,
    0.04685293134702508,
    0.09717977304273183
  ],
  "marginal_90pct_coverage_per_dim": [
    1.0,
    0.94,
    0.96,
    0.98,
    0.98,
    0.92,
    0.96,
    0.94
  ],
  "mean_ppc_componentwise_90pct_coverage": 0.9228333333333332,
  "std_ppc_componentwise_90pct_coverage": 0.06867415007765942
}